-- Datos para migración

-- Table: roles
INSERT INTO roles (id_rol, nombre) VALUES (1, 'admin') ON CONFLICT DO NOTHING;
INSERT INTO roles (id_rol, nombre) VALUES (2, 'docente') ON CONFLICT DO NOTHING;
INSERT INTO roles (id_rol, nombre) VALUES (3, 'acudiente') ON CONFLICT DO NOTHING;

-- Table: grupos
INSERT INTO grupos (id_grupo, nombre, edad_minima, edad_maxima, activo, horario) VALUES (1, 'grupo 1', 2, 4, true, '8am-12pm') ON CONFLICT DO NOTHING;
INSERT INTO grupos (id_grupo, nombre, edad_minima, edad_maxima, activo, horario) VALUES (2, 'grupo2 ', 2, 4, true, NULL) ON CONFLICT DO NOTHING;

-- Table: ninos
INSERT INTO ninos (id_nino, nombres, apellidos, fecha_nacimiento, documento, estado, fecha_registro) VALUES (1, 'Sofia', 'Martinez Lopez', '2020-03-15T05:00:00.000Z', '1001234567', true, '2026-04-03T06:17:07.950Z') ON CONFLICT DO NOTHING;
INSERT INTO ninos (id_nino, nombres, apellidos, fecha_nacimiento, documento, estado, fecha_registro) VALUES (2, 'Juan', 'Perez Garcia', '2019-07-22T05:00:00.000Z', '1001234568', true, '2026-04-03T06:17:08.000Z') ON CONFLICT DO NOTHING;
INSERT INTO ninos (id_nino, nombres, apellidos, fecha_nacimiento, documento, estado, fecha_registro) VALUES (3, 'Valentina', 'Gomez Rodriguez', '2021-01-10T05:00:00.000Z', '1001234569', true, '2026-04-03T06:17:08.005Z') ON CONFLICT DO NOTHING;
INSERT INTO ninos (id_nino, nombres, apellidos, fecha_nacimiento, documento, estado, fecha_registro) VALUES (4, 'Santiago', 'Herrera Castro', '2020-09-05T05:00:00.000Z', '1001234570', true, '2026-04-03T06:17:08.012Z') ON CONFLICT DO NOTHING;
INSERT INTO ninos (id_nino, nombres, apellidos, fecha_nacimiento, documento, estado, fecha_registro) VALUES (5, 'Camila', 'Torres Vargas', '2019-11-28T05:00:00.000Z', '1001234571', true, '2026-04-03T06:17:08.019Z') ON CONFLICT DO NOTHING;
INSERT INTO ninos (id_nino, nombres, apellidos, fecha_nacimiento, documento, estado, fecha_registro) VALUES (6, 'Mateo', 'Ramirez Diaz', '2021-04-17T05:00:00.000Z', '1001234572', true, '2026-04-03T06:17:08.024Z') ON CONFLICT DO NOTHING;
INSERT INTO ninos (id_nino, nombres, apellidos, fecha_nacimiento, documento, estado, fecha_registro) VALUES (7, 'Isabella', 'Lopez Morales', '2020-06-30T05:00:00.000Z', '1001234573', true, '2026-04-03T06:17:08.029Z') ON CONFLICT DO NOTHING;
INSERT INTO ninos (id_nino, nombres, apellidos, fecha_nacimiento, documento, estado, fecha_registro) VALUES (8, 'Sebastian', 'Sanchez Ruiz', '2019-08-14T05:00:00.000Z', '1001234574', true, '2026-04-03T06:17:08.036Z') ON CONFLICT DO NOTHING;
INSERT INTO ninos (id_nino, nombres, apellidos, fecha_nacimiento, documento, estado, fecha_registro) VALUES (9, 'Valeria', 'Jimenez Pena', '2021-02-25T05:00:00.000Z', '1001234575', true, '2026-04-03T06:17:08.041Z') ON CONFLICT DO NOTHING;
INSERT INTO ninos (id_nino, nombres, apellidos, fecha_nacimiento, documento, estado, fecha_registro) VALUES (10, 'Nicolas', 'Rojas Mendoza', '2020-12-03T05:00:00.000Z', '1001234576', true, '2026-04-03T06:17:08.047Z') ON CONFLICT DO NOTHING;
INSERT INTO ninos (id_nino, nombres, apellidos, fecha_nacimiento, documento, estado, fecha_registro) VALUES (11, 'Luciana', 'Vargas Suarez', '2019-05-19T05:00:00.000Z', '1001234577', true, '2026-04-03T06:17:08.053Z') ON CONFLICT DO NOTHING;
INSERT INTO ninos (id_nino, nombres, apellidos, fecha_nacimiento, documento, estado, fecha_registro) VALUES (12, 'Alejandro', 'Mendoza Ortiz', '2021-07-08T05:00:00.000Z', '1001234578', true, '2026-04-03T06:17:08.057Z') ON CONFLICT DO NOTHING;
INSERT INTO ninos (id_nino, nombres, apellidos, fecha_nacimiento, documento, estado, fecha_registro) VALUES (13, 'Mariana', 'Castro Fernandez', '2020-04-22T05:00:00.000Z', '1001234579', true, '2026-04-03T06:17:08.062Z') ON CONFLICT DO NOTHING;
INSERT INTO ninos (id_nino, nombres, apellidos, fecha_nacimiento, documento, estado, fecha_registro) VALUES (14, 'Daniel', 'Ortiz Reyes', '2019-10-11T05:00:00.000Z', '1001234580', true, '2026-04-03T06:17:08.069Z') ON CONFLICT DO NOTHING;
INSERT INTO ninos (id_nino, nombres, apellidos, fecha_nacimiento, documento, estado, fecha_registro) VALUES (15, 'Paula', 'Reyes Blanco', '2021-03-29T05:00:00.000Z', '1001234581', true, '2026-04-03T06:17:08.073Z') ON CONFLICT DO NOTHING;
INSERT INTO ninos (id_nino, nombres, apellidos, fecha_nacimiento, documento, estado, fecha_registro) VALUES (16, 'Andres', 'Morales Vega', '2020-08-16T05:00:00.000Z', '1001234582', true, '2026-04-03T06:17:08.078Z') ON CONFLICT DO NOTHING;
INSERT INTO ninos (id_nino, nombres, apellidos, fecha_nacimiento, documento, estado, fecha_registro) VALUES (17, 'Laura', 'Diaz Guerrero', '2019-06-04T05:00:00.000Z', '1001234583', true, '2026-04-03T06:17:08.084Z') ON CONFLICT DO NOTHING;
INSERT INTO ninos (id_nino, nombres, apellidos, fecha_nacimiento, documento, estado, fecha_registro) VALUES (18, 'Felipe', 'Guerrero Soto', '2021-05-21T05:00:00.000Z', '1001234584', true, '2026-04-03T06:17:08.088Z') ON CONFLICT DO NOTHING;
INSERT INTO ninos (id_nino, nombres, apellidos, fecha_nacimiento, documento, estado, fecha_registro) VALUES (19, 'Maria', 'Soto Palacios', '2020-02-13T05:00:00.000Z', '1001234585', true, '2026-04-03T06:17:08.091Z') ON CONFLICT DO NOTHING;
INSERT INTO ninos (id_nino, nombres, apellidos, fecha_nacimiento, documento, estado, fecha_registro) VALUES (20, 'Carlos', 'Palacios Rios', '2019-12-27T05:00:00.000Z', '1001234586', true, '2026-04-03T06:17:08.095Z') ON CONFLICT DO NOTHING;
INSERT INTO ninos (id_nino, nombres, apellidos, fecha_nacimiento, documento, estado, fecha_registro) VALUES (21, 'Gabriela', 'Rios Cardenas', '2021-08-09T05:00:00.000Z', '1001234587', true, '2026-04-03T06:17:08.101Z') ON CONFLICT DO NOTHING;
INSERT INTO ninos (id_nino, nombres, apellidos, fecha_nacimiento, documento, estado, fecha_registro) VALUES (22, 'Luis', 'Cardenas Mora', '2020-10-01T05:00:00.000Z', '1001234588', true, '2026-04-03T06:17:08.104Z') ON CONFLICT DO NOTHING;
INSERT INTO ninos (id_nino, nombres, apellidos, fecha_nacimiento, documento, estado, fecha_registro) VALUES (23, 'Ana', 'Mora Delgado', '2019-04-18T05:00:00.000Z', '1001234589', true, '2026-04-03T06:17:08.108Z') ON CONFLICT DO NOTHING;
INSERT INTO ninos (id_nino, nombres, apellidos, fecha_nacimiento, documento, estado, fecha_registro) VALUES (24, 'Miguel', 'Delgado Fuentes', '2021-06-14T05:00:00.000Z', '1001234590', true, '2026-04-03T06:17:08.113Z') ON CONFLICT DO NOTHING;
INSERT INTO ninos (id_nino, nombres, apellidos, fecha_nacimiento, documento, estado, fecha_registro) VALUES (25, 'Sara', 'Fuentes Aguilar', '2020-07-26T05:00:00.000Z', '1001234591', true, '2026-04-03T06:17:08.119Z') ON CONFLICT DO NOTHING;
INSERT INTO ninos (id_nino, nombres, apellidos, fecha_nacimiento, documento, estado, fecha_registro) VALUES (26, 'Diego', 'Aguilar Medina', '2019-09-07T05:00:00.000Z', '1001234592', true, '2026-04-03T06:17:08.123Z') ON CONFLICT DO NOTHING;
INSERT INTO ninos (id_nino, nombres, apellidos, fecha_nacimiento, documento, estado, fecha_registro) VALUES (27, 'Natalia', 'Medina Cabrera', '2021-09-23T05:00:00.000Z', '1001234593', true, '2026-04-03T06:17:08.129Z') ON CONFLICT DO NOTHING;
INSERT INTO ninos (id_nino, nombres, apellidos, fecha_nacimiento, documento, estado, fecha_registro) VALUES (28, 'Jorge', 'Cabrera Pedraza', '2020-11-15T05:00:00.000Z', '1001234594', true, '2026-04-03T06:17:08.136Z') ON CONFLICT DO NOTHING;
INSERT INTO ninos (id_nino, nombres, apellidos, fecha_nacimiento, documento, estado, fecha_registro) VALUES (29, 'Daniela', 'Pedraza Lozano', '2019-03-02T05:00:00.000Z', '1001234595', true, '2026-04-03T06:17:08.140Z') ON CONFLICT DO NOTHING;
INSERT INTO ninos (id_nino, nombres, apellidos, fecha_nacimiento, documento, estado, fecha_registro) VALUES (30, 'Emanuel', 'Lozano Cifuentes', '2021-10-30T05:00:00.000Z', '1001234596', true, '2026-04-03T06:17:08.167Z') ON CONFLICT DO NOTHING;
INSERT INTO ninos (id_nino, nombres, apellidos, fecha_nacimiento, documento, estado, fecha_registro) VALUES (31, 'abelardo ', 'de las priella', '2024-11-01T05:00:00.000Z', NULL, true, '2026-04-28T18:18:53.079Z') ON CONFLICT DO NOTHING;
INSERT INTO ninos (id_nino, nombres, apellidos, fecha_nacimiento, documento, estado, fecha_registro) VALUES (32, 'juaniti', 'paz', '2024-11-10T05:00:00.000Z', NULL, true, '2026-04-28T18:52:23.787Z') ON CONFLICT DO NOTHING;

-- Table: usuarios
INSERT INTO usuarios (id_usuario, nombre, correo, password, id_rol, estado, fecha_creacion, id_grupo, id_nino) VALUES (3, 'Admin', 'admin@cdi.com', '$2b$10$4eWExHBGeUtQVGP0LBg.2eOS9OIY.8QFmrZ0RW7mrE2GDY3x1zI1.', 1, true, '2026-02-22T06:39:55.289Z', NULL, NULL) ON CONFLICT DO NOTHING;
INSERT INTO usuarios (id_usuario, nombre, correo, password, id_rol, estado, fecha_creacion, id_grupo, id_nino) VALUES (13, 'sebastian', 'sebastian@gmail.com', '$2b$10$FhMy2zih7rEV2FkI0tY4BewB7sMvDn5uUZKq8DiwrLjkxGuXB2slO', 3, true, '2026-02-26T07:01:17.934Z', NULL, NULL) ON CONFLICT DO NOTHING;
INSERT INTO usuarios (id_usuario, nombre, correo, password, id_rol, estado, fecha_creacion, id_grupo, id_nino) VALUES (14, 'juaquin', 'juaquin@gmail.com', '$2b$10$uZWHwvoFdtB6WD/fS4QNOuxyv6/QbOrcS0HjqmBI/UDNHUHf2CgLi', 3, true, '2026-02-26T07:23:50.242Z', NULL, NULL) ON CONFLICT DO NOTHING;
INSERT INTO usuarios (id_usuario, nombre, correo, password, id_rol, estado, fecha_creacion, id_grupo, id_nino) VALUES (15, 'jhon burgos', 'burgos@gmail.com', '$2b$10$LzPU/.czHvlQl5c95609nunHucgg856oaDa/ci6/sd9jwxQKesule', 3, true, '2026-02-27T05:30:12.139Z', NULL, NULL) ON CONFLICT DO NOTHING;
INSERT INTO usuarios (id_usuario, nombre, correo, password, id_rol, estado, fecha_creacion, id_grupo, id_nino) VALUES (17, 'sebastian', 'sebastucho@gmail.com', '$2b$10$AsJjivzGOKTFSPY1D8jPgOIDo3RgEbHiLrax/D2bwaR6UpozGB1Cq', 2, true, '2026-02-27T20:19:41.281Z', NULL, NULL) ON CONFLICT DO NOTHING;
INSERT INTO usuarios (id_usuario, nombre, correo, password, id_rol, estado, fecha_creacion, id_grupo, id_nino) VALUES (21, 'juaquin23', 'juaquin23@gmail.com', '$2b$10$YCqg2CmUBars9KemUA/equVw/LE4v65nailGQXu/A9kcpY9OFa16u', 2, true, '2026-03-12T05:50:46.595Z', NULL, NULL) ON CONFLICT DO NOTHING;
INSERT INTO usuarios (id_usuario, nombre, correo, password, id_rol, estado, fecha_creacion, id_grupo, id_nino) VALUES (19, 'adme', 'adme@gmail.com', '$2b$10$HMCrFaa7MyUsvl5..lDU6edqx/9rc2/0tCNL27FTlvHhlGDl/m/Am', 2, true, '2026-03-03T07:46:42.764Z', 1, NULL) ON CONFLICT DO NOTHING;
INSERT INTO usuarios (id_usuario, nombre, correo, password, id_rol, estado, fecha_creacion, id_grupo, id_nino) VALUES (22, 'andrade', 'andrade@gmail.com', '$2b$10$iTZOtlCr7fJ3Jqg.88QZfe3ZBl7HuD0Bjy3wyjnx05b5PmPvKQ/vy', 2, true, '2026-03-12T05:51:43.017Z', 1, NULL) ON CONFLICT DO NOTHING;
INSERT INTO usuarios (id_usuario, nombre, correo, password, id_rol, estado, fecha_creacion, id_grupo, id_nino) VALUES (18, 'sensei', 'sensei@gmail.com', '$2b$10$ccOby4INPzd3Hvc9Xro70OtUe3/jd1Jq5VI04EuIhjSi7aSyHZ7B2', 2, true, '2026-03-03T07:29:20.724Z', 1, NULL) ON CONFLICT DO NOTHING;
INSERT INTO usuarios (id_usuario, nombre, correo, password, id_rol, estado, fecha_creacion, id_grupo, id_nino) VALUES (16, 'carlos alverto', 'carlosescobar@gmail.com', '$2b$10$n1UNFpNJ5tXpp3tqJ85x2OSSxaOy.w0noAT0QoDmg/zDs0W7Eh0nG', 2, true, '2026-02-27T07:04:56.839Z', 2, NULL) ON CONFLICT DO NOTHING;
INSERT INTO usuarios (id_usuario, nombre, correo, password, id_rol, estado, fecha_creacion, id_grupo, id_nino) VALUES (20, 'juan camilo', 'juancamilo@gmail.com', '$2b$10$d4uumcVT9NKxi0LpV5h52eX74InKwXeDKJkeErZMsPmC7TNQYgRvi', 2, true, '2026-03-03T19:25:21.224Z', 1, NULL) ON CONFLICT DO NOTHING;
INSERT INTO usuarios (id_usuario, nombre, correo, password, id_rol, estado, fecha_creacion, id_grupo, id_nino) VALUES (12, 'Jhon Gabriel Arboleda Banda', 'jhon.arboledaba@amigo.edu.co', NULL, 3, true, '2026-02-26T06:49:23.267Z', NULL, 9) ON CONFLICT DO NOTHING;
INSERT INTO usuarios (id_usuario, nombre, correo, password, id_rol, estado, fecha_creacion, id_grupo, id_nino) VALUES (11, 'juan carlos', 'carlos@gmail.com', '$2b$10$ZJMbLdHg5K7M4/3VK4F8gOe4VF7v123Hx2deDY9MiGy0b1e6Vl/k2', 3, true, '2026-02-26T06:25:01.916Z', NULL, 23) ON CONFLICT DO NOTHING;

-- Table: matriculas
INSERT INTO matriculas (id_matricula, id_nino, id_grupo, id_periodo, fecha_matricula, estado) VALUES (1, 1, 1, NULL, '2026-04-03T05:00:00.000Z', true) ON CONFLICT DO NOTHING;
INSERT INTO matriculas (id_matricula, id_nino, id_grupo, id_periodo, fecha_matricula, estado) VALUES (2, 2, 1, NULL, '2026-04-03T05:00:00.000Z', true) ON CONFLICT DO NOTHING;
INSERT INTO matriculas (id_matricula, id_nino, id_grupo, id_periodo, fecha_matricula, estado) VALUES (3, 3, 1, NULL, '2026-04-03T05:00:00.000Z', true) ON CONFLICT DO NOTHING;
INSERT INTO matriculas (id_matricula, id_nino, id_grupo, id_periodo, fecha_matricula, estado) VALUES (4, 4, 1, NULL, '2026-04-03T05:00:00.000Z', true) ON CONFLICT DO NOTHING;
INSERT INTO matriculas (id_matricula, id_nino, id_grupo, id_periodo, fecha_matricula, estado) VALUES (5, 5, 1, NULL, '2026-04-03T05:00:00.000Z', true) ON CONFLICT DO NOTHING;
INSERT INTO matriculas (id_matricula, id_nino, id_grupo, id_periodo, fecha_matricula, estado) VALUES (6, 6, 1, NULL, '2026-04-03T05:00:00.000Z', true) ON CONFLICT DO NOTHING;
INSERT INTO matriculas (id_matricula, id_nino, id_grupo, id_periodo, fecha_matricula, estado) VALUES (7, 7, 1, NULL, '2026-04-03T05:00:00.000Z', true) ON CONFLICT DO NOTHING;
INSERT INTO matriculas (id_matricula, id_nino, id_grupo, id_periodo, fecha_matricula, estado) VALUES (8, 8, 1, NULL, '2026-04-03T05:00:00.000Z', true) ON CONFLICT DO NOTHING;
INSERT INTO matriculas (id_matricula, id_nino, id_grupo, id_periodo, fecha_matricula, estado) VALUES (10, 10, 1, NULL, '2026-04-03T05:00:00.000Z', true) ON CONFLICT DO NOTHING;
INSERT INTO matriculas (id_matricula, id_nino, id_grupo, id_periodo, fecha_matricula, estado) VALUES (11, 11, 1, NULL, '2026-04-03T05:00:00.000Z', true) ON CONFLICT DO NOTHING;
INSERT INTO matriculas (id_matricula, id_nino, id_grupo, id_periodo, fecha_matricula, estado) VALUES (13, 13, 1, NULL, '2026-04-03T05:00:00.000Z', true) ON CONFLICT DO NOTHING;
INSERT INTO matriculas (id_matricula, id_nino, id_grupo, id_periodo, fecha_matricula, estado) VALUES (14, 14, 1, NULL, '2026-04-03T05:00:00.000Z', true) ON CONFLICT DO NOTHING;
INSERT INTO matriculas (id_matricula, id_nino, id_grupo, id_periodo, fecha_matricula, estado) VALUES (15, 15, 1, NULL, '2026-04-03T05:00:00.000Z', true) ON CONFLICT DO NOTHING;
INSERT INTO matriculas (id_matricula, id_nino, id_grupo, id_periodo, fecha_matricula, estado) VALUES (16, 16, 1, NULL, '2026-04-03T05:00:00.000Z', true) ON CONFLICT DO NOTHING;
INSERT INTO matriculas (id_matricula, id_nino, id_grupo, id_periodo, fecha_matricula, estado) VALUES (17, 17, 1, NULL, '2026-04-03T05:00:00.000Z', true) ON CONFLICT DO NOTHING;
INSERT INTO matriculas (id_matricula, id_nino, id_grupo, id_periodo, fecha_matricula, estado) VALUES (18, 18, 1, NULL, '2026-04-03T05:00:00.000Z', true) ON CONFLICT DO NOTHING;
INSERT INTO matriculas (id_matricula, id_nino, id_grupo, id_periodo, fecha_matricula, estado) VALUES (19, 19, 1, NULL, '2026-04-03T05:00:00.000Z', true) ON CONFLICT DO NOTHING;
INSERT INTO matriculas (id_matricula, id_nino, id_grupo, id_periodo, fecha_matricula, estado) VALUES (20, 20, 1, NULL, '2026-04-03T05:00:00.000Z', true) ON CONFLICT DO NOTHING;
INSERT INTO matriculas (id_matricula, id_nino, id_grupo, id_periodo, fecha_matricula, estado) VALUES (21, 21, 1, NULL, '2026-04-03T05:00:00.000Z', true) ON CONFLICT DO NOTHING;
INSERT INTO matriculas (id_matricula, id_nino, id_grupo, id_periodo, fecha_matricula, estado) VALUES (22, 22, 1, NULL, '2026-04-03T05:00:00.000Z', true) ON CONFLICT DO NOTHING;
INSERT INTO matriculas (id_matricula, id_nino, id_grupo, id_periodo, fecha_matricula, estado) VALUES (23, 23, 1, NULL, '2026-04-03T05:00:00.000Z', true) ON CONFLICT DO NOTHING;
INSERT INTO matriculas (id_matricula, id_nino, id_grupo, id_periodo, fecha_matricula, estado) VALUES (24, 24, 1, NULL, '2026-04-03T05:00:00.000Z', true) ON CONFLICT DO NOTHING;
INSERT INTO matriculas (id_matricula, id_nino, id_grupo, id_periodo, fecha_matricula, estado) VALUES (25, 25, 1, NULL, '2026-04-03T05:00:00.000Z', true) ON CONFLICT DO NOTHING;
INSERT INTO matriculas (id_matricula, id_nino, id_grupo, id_periodo, fecha_matricula, estado) VALUES (26, 26, 1, NULL, '2026-04-03T05:00:00.000Z', true) ON CONFLICT DO NOTHING;
INSERT INTO matriculas (id_matricula, id_nino, id_grupo, id_periodo, fecha_matricula, estado) VALUES (27, 27, 1, NULL, '2026-04-03T05:00:00.000Z', true) ON CONFLICT DO NOTHING;
INSERT INTO matriculas (id_matricula, id_nino, id_grupo, id_periodo, fecha_matricula, estado) VALUES (28, 28, 1, NULL, '2026-04-03T05:00:00.000Z', true) ON CONFLICT DO NOTHING;
INSERT INTO matriculas (id_matricula, id_nino, id_grupo, id_periodo, fecha_matricula, estado) VALUES (29, 29, 1, NULL, '2026-04-03T05:00:00.000Z', true) ON CONFLICT DO NOTHING;
INSERT INTO matriculas (id_matricula, id_nino, id_grupo, id_periodo, fecha_matricula, estado) VALUES (30, 30, 1, NULL, '2026-04-03T05:00:00.000Z', true) ON CONFLICT DO NOTHING;
INSERT INTO matriculas (id_matricula, id_nino, id_grupo, id_periodo, fecha_matricula, estado) VALUES (31, 31, 1, NULL, '2026-04-28T05:00:00.000Z', true) ON CONFLICT DO NOTHING;
INSERT INTO matriculas (id_matricula, id_nino, id_grupo, id_periodo, fecha_matricula, estado) VALUES (32, 32, 1, NULL, '2026-04-28T05:00:00.000Z', true) ON CONFLICT DO NOTHING;

-- Table: asistencia
INSERT INTO asistencia (id_asistencia, id_matricula, fecha, estado, observacion, registrado_por, fecha_registro) VALUES (2, 23, '2026-04-03T05:00:00.000Z', 'presente', '', 18, '2026-04-03T06:18:31.800Z') ON CONFLICT DO NOTHING;
INSERT INTO asistencia (id_asistencia, id_matricula, fecha, estado, observacion, registrado_por, fecha_registro) VALUES (3, 16, '2026-04-03T05:00:00.000Z', 'presente', '', 18, '2026-04-03T06:18:35.138Z') ON CONFLICT DO NOTHING;
INSERT INTO asistencia (id_asistencia, id_matricula, fecha, estado, observacion, registrado_por, fecha_registro) VALUES (4, 5, '2026-04-03T05:00:00.000Z', 'presente', '', 18, '2026-04-03T06:18:37.014Z') ON CONFLICT DO NOTHING;
INSERT INTO asistencia (id_asistencia, id_matricula, fecha, estado, observacion, registrado_por, fecha_registro) VALUES (5, 20, '2026-04-03T05:00:00.000Z', 'presente', '', 18, '2026-04-03T06:18:40.667Z') ON CONFLICT DO NOTHING;
INSERT INTO asistencia (id_asistencia, id_matricula, fecha, estado, observacion, registrado_por, fecha_registro) VALUES (6, 14, '2026-04-03T05:00:00.000Z', 'ausente', '', 18, '2026-04-03T06:18:41.360Z') ON CONFLICT DO NOTHING;
INSERT INTO asistencia (id_asistencia, id_matricula, fecha, estado, observacion, registrado_por, fecha_registro) VALUES (7, 29, '2026-04-03T05:00:00.000Z', 'ausente', '', 18, '2026-04-03T06:18:42.861Z') ON CONFLICT DO NOTHING;
INSERT INTO asistencia (id_asistencia, id_matricula, fecha, estado, observacion, registrado_por, fecha_registro) VALUES (8, 26, '2026-04-03T05:00:00.000Z', 'ausente', '', 18, '2026-04-03T06:18:43.717Z') ON CONFLICT DO NOTHING;
INSERT INTO asistencia (id_asistencia, id_matricula, fecha, estado, observacion, registrado_por, fecha_registro) VALUES (9, 30, '2026-04-03T05:00:00.000Z', 'presente', '', 18, '2026-04-03T06:18:44.477Z') ON CONFLICT DO NOTHING;
INSERT INTO asistencia (id_asistencia, id_matricula, fecha, estado, observacion, registrado_por, fecha_registro) VALUES (10, 18, '2026-04-03T05:00:00.000Z', 'presente', '', 18, '2026-04-03T06:18:45.231Z') ON CONFLICT DO NOTHING;
INSERT INTO asistencia (id_asistencia, id_matricula, fecha, estado, observacion, registrado_por, fecha_registro) VALUES (11, 21, '2026-04-03T05:00:00.000Z', 'presente', '', 18, '2026-04-03T06:18:46.739Z') ON CONFLICT DO NOTHING;
INSERT INTO asistencia (id_asistencia, id_matricula, fecha, estado, observacion, registrado_por, fecha_registro) VALUES (12, 7, '2026-04-03T05:00:00.000Z', 'presente', '', 18, '2026-04-03T06:18:47.345Z') ON CONFLICT DO NOTHING;
INSERT INTO asistencia (id_asistencia, id_matricula, fecha, estado, observacion, registrado_por, fecha_registro) VALUES (13, 28, '2026-04-03T05:00:00.000Z', 'presente', '', 18, '2026-04-03T06:18:48.673Z') ON CONFLICT DO NOTHING;
INSERT INTO asistencia (id_asistencia, id_matricula, fecha, estado, observacion, registrado_por, fecha_registro) VALUES (14, 2, '2026-04-03T05:00:00.000Z', 'presente', '', 18, '2026-04-03T06:18:49.250Z') ON CONFLICT DO NOTHING;
INSERT INTO asistencia (id_asistencia, id_matricula, fecha, estado, observacion, registrado_por, fecha_registro) VALUES (15, 17, '2026-04-03T05:00:00.000Z', 'ausente', '', 18, '2026-04-03T06:18:49.849Z') ON CONFLICT DO NOTHING;
INSERT INTO asistencia (id_asistencia, id_matricula, fecha, estado, observacion, registrado_por, fecha_registro) VALUES (16, 11, '2026-04-03T05:00:00.000Z', 'presente', '', 18, '2026-04-03T06:18:50.614Z') ON CONFLICT DO NOTHING;
INSERT INTO asistencia (id_asistencia, id_matricula, fecha, estado, observacion, registrado_por, fecha_registro) VALUES (17, 22, '2026-04-03T05:00:00.000Z', 'presente', '', 18, '2026-04-03T06:18:51.102Z') ON CONFLICT DO NOTHING;
INSERT INTO asistencia (id_asistencia, id_matricula, fecha, estado, observacion, registrado_por, fecha_registro) VALUES (18, 19, '2026-04-03T05:00:00.000Z', 'presente', '', 18, '2026-04-03T06:18:53.602Z') ON CONFLICT DO NOTHING;
INSERT INTO asistencia (id_asistencia, id_matricula, fecha, estado, observacion, registrado_por, fecha_registro) VALUES (19, 13, '2026-04-03T05:00:00.000Z', 'presente', '', 18, '2026-04-03T06:18:54.256Z') ON CONFLICT DO NOTHING;
INSERT INTO asistencia (id_asistencia, id_matricula, fecha, estado, observacion, registrado_por, fecha_registro) VALUES (20, 6, '2026-04-03T05:00:00.000Z', 'presente', '', 18, '2026-04-03T06:18:54.760Z') ON CONFLICT DO NOTHING;
INSERT INTO asistencia (id_asistencia, id_matricula, fecha, estado, observacion, registrado_por, fecha_registro) VALUES (21, 24, '2026-04-03T05:00:00.000Z', 'presente', '', 18, '2026-04-03T06:18:56.102Z') ON CONFLICT DO NOTHING;
INSERT INTO asistencia (id_asistencia, id_matricula, fecha, estado, observacion, registrado_por, fecha_registro) VALUES (22, 27, '2026-04-03T05:00:00.000Z', 'ausente', '', 18, '2026-04-03T06:18:56.687Z') ON CONFLICT DO NOTHING;
INSERT INTO asistencia (id_asistencia, id_matricula, fecha, estado, observacion, registrado_por, fecha_registro) VALUES (23, 10, '2026-04-03T05:00:00.000Z', 'presente', '', 18, '2026-04-03T06:18:57.280Z') ON CONFLICT DO NOTHING;
INSERT INTO asistencia (id_asistencia, id_matricula, fecha, estado, observacion, registrado_por, fecha_registro) VALUES (24, 15, '2026-04-03T05:00:00.000Z', 'presente', '', 18, '2026-04-03T06:18:57.900Z') ON CONFLICT DO NOTHING;
INSERT INTO asistencia (id_asistencia, id_matricula, fecha, estado, observacion, registrado_por, fecha_registro) VALUES (25, 4, '2026-04-03T05:00:00.000Z', 'presente', '', 18, '2026-04-03T06:18:59.902Z') ON CONFLICT DO NOTHING;
INSERT INTO asistencia (id_asistencia, id_matricula, fecha, estado, observacion, registrado_por, fecha_registro) VALUES (26, 25, '2026-04-03T05:00:00.000Z', 'presente', '', 18, '2026-04-03T06:19:00.548Z') ON CONFLICT DO NOTHING;
INSERT INTO asistencia (id_asistencia, id_matricula, fecha, estado, observacion, registrado_por, fecha_registro) VALUES (27, 8, '2026-04-03T05:00:00.000Z', 'presente', '', 18, '2026-04-03T06:19:01.137Z') ON CONFLICT DO NOTHING;
INSERT INTO asistencia (id_asistencia, id_matricula, fecha, estado, observacion, registrado_por, fecha_registro) VALUES (28, 1, '2026-04-03T05:00:00.000Z', 'presente', '', 18, '2026-04-03T06:19:01.669Z') ON CONFLICT DO NOTHING;
INSERT INTO asistencia (id_asistencia, id_matricula, fecha, estado, observacion, registrado_por, fecha_registro) VALUES (29, 3, '2026-04-03T05:00:00.000Z', 'presente', '', 18, '2026-04-03T06:19:02.332Z') ON CONFLICT DO NOTHING;
INSERT INTO asistencia (id_asistencia, id_matricula, fecha, estado, observacion, registrado_por, fecha_registro) VALUES (32, 23, '2026-04-02T05:00:00.000Z', 'presente', '', 18, '2026-04-03T06:19:54.929Z') ON CONFLICT DO NOTHING;
INSERT INTO asistencia (id_asistencia, id_matricula, fecha, estado, observacion, registrado_por, fecha_registro) VALUES (33, 16, '2026-04-02T05:00:00.000Z', 'presente', '', 18, '2026-04-03T06:19:55.605Z') ON CONFLICT DO NOTHING;
INSERT INTO asistencia (id_asistencia, id_matricula, fecha, estado, observacion, registrado_por, fecha_registro) VALUES (34, 5, '2026-04-02T05:00:00.000Z', 'presente', '', 18, '2026-04-03T06:19:56.322Z') ON CONFLICT DO NOTHING;
INSERT INTO asistencia (id_asistencia, id_matricula, fecha, estado, observacion, registrado_por, fecha_registro) VALUES (35, 20, '2026-04-02T05:00:00.000Z', 'presente', '', 18, '2026-04-03T06:19:57.958Z') ON CONFLICT DO NOTHING;
INSERT INTO asistencia (id_asistencia, id_matricula, fecha, estado, observacion, registrado_por, fecha_registro) VALUES (36, 14, '2026-04-02T05:00:00.000Z', 'presente', '', 18, '2026-04-03T06:19:58.507Z') ON CONFLICT DO NOTHING;
INSERT INTO asistencia (id_asistencia, id_matricula, fecha, estado, observacion, registrado_por, fecha_registro) VALUES (37, 29, '2026-04-02T05:00:00.000Z', 'presente', '', 18, '2026-04-03T06:19:59.044Z') ON CONFLICT DO NOTHING;
INSERT INTO asistencia (id_asistencia, id_matricula, fecha, estado, observacion, registrado_por, fecha_registro) VALUES (38, 26, '2026-04-02T05:00:00.000Z', 'presente', '', 18, '2026-04-03T06:20:00.847Z') ON CONFLICT DO NOTHING;
INSERT INTO asistencia (id_asistencia, id_matricula, fecha, estado, observacion, registrado_por, fecha_registro) VALUES (39, 30, '2026-04-02T05:00:00.000Z', 'presente', '', 18, '2026-04-03T06:20:01.433Z') ON CONFLICT DO NOTHING;
INSERT INTO asistencia (id_asistencia, id_matricula, fecha, estado, observacion, registrado_por, fecha_registro) VALUES (40, 18, '2026-04-02T05:00:00.000Z', 'presente', '', 18, '2026-04-03T06:20:02.602Z') ON CONFLICT DO NOTHING;
INSERT INTO asistencia (id_asistencia, id_matricula, fecha, estado, observacion, registrado_por, fecha_registro) VALUES (41, 21, '2026-04-02T05:00:00.000Z', 'presente', '', 18, '2026-04-03T06:20:03.577Z') ON CONFLICT DO NOTHING;
INSERT INTO asistencia (id_asistencia, id_matricula, fecha, estado, observacion, registrado_por, fecha_registro) VALUES (42, 7, '2026-04-02T05:00:00.000Z', 'presente', '', 18, '2026-04-03T06:20:05.294Z') ON CONFLICT DO NOTHING;
INSERT INTO asistencia (id_asistencia, id_matricula, fecha, estado, observacion, registrado_por, fecha_registro) VALUES (43, 28, '2026-04-02T05:00:00.000Z', 'presente', '', 18, '2026-04-03T06:20:05.852Z') ON CONFLICT DO NOTHING;
INSERT INTO asistencia (id_asistencia, id_matricula, fecha, estado, observacion, registrado_por, fecha_registro) VALUES (44, 2, '2026-04-02T05:00:00.000Z', 'presente', '', 18, '2026-04-03T06:20:06.503Z') ON CONFLICT DO NOTHING;
INSERT INTO asistencia (id_asistencia, id_matricula, fecha, estado, observacion, registrado_por, fecha_registro) VALUES (45, 17, '2026-04-02T05:00:00.000Z', 'presente', '', 18, '2026-04-03T06:20:08.310Z') ON CONFLICT DO NOTHING;
INSERT INTO asistencia (id_asistencia, id_matricula, fecha, estado, observacion, registrado_por, fecha_registro) VALUES (46, 11, '2026-04-02T05:00:00.000Z', 'presente', '', 18, '2026-04-03T06:20:08.876Z') ON CONFLICT DO NOTHING;
INSERT INTO asistencia (id_asistencia, id_matricula, fecha, estado, observacion, registrado_por, fecha_registro) VALUES (47, 22, '2026-04-02T05:00:00.000Z', 'presente', '', 18, '2026-04-03T06:20:09.667Z') ON CONFLICT DO NOTHING;
INSERT INTO asistencia (id_asistencia, id_matricula, fecha, estado, observacion, registrado_por, fecha_registro) VALUES (48, 19, '2026-04-02T05:00:00.000Z', 'presente', '', 18, '2026-04-03T06:20:11.007Z') ON CONFLICT DO NOTHING;
INSERT INTO asistencia (id_asistencia, id_matricula, fecha, estado, observacion, registrado_por, fecha_registro) VALUES (49, 13, '2026-04-02T05:00:00.000Z', 'presente', '', 18, '2026-04-03T06:20:11.514Z') ON CONFLICT DO NOTHING;
INSERT INTO asistencia (id_asistencia, id_matricula, fecha, estado, observacion, registrado_por, fecha_registro) VALUES (50, 6, '2026-04-02T05:00:00.000Z', 'presente', '', 18, '2026-04-03T06:20:12.815Z') ON CONFLICT DO NOTHING;
INSERT INTO asistencia (id_asistencia, id_matricula, fecha, estado, observacion, registrado_por, fecha_registro) VALUES (51, 24, '2026-04-02T05:00:00.000Z', 'presente', '', 18, '2026-04-03T06:20:13.288Z') ON CONFLICT DO NOTHING;
INSERT INTO asistencia (id_asistencia, id_matricula, fecha, estado, observacion, registrado_por, fecha_registro) VALUES (52, 27, '2026-04-02T05:00:00.000Z', 'presente', '', 18, '2026-04-03T06:20:13.904Z') ON CONFLICT DO NOTHING;
INSERT INTO asistencia (id_asistencia, id_matricula, fecha, estado, observacion, registrado_por, fecha_registro) VALUES (53, 10, '2026-04-02T05:00:00.000Z', 'presente', '', 18, '2026-04-03T06:20:15.427Z') ON CONFLICT DO NOTHING;
INSERT INTO asistencia (id_asistencia, id_matricula, fecha, estado, observacion, registrado_por, fecha_registro) VALUES (54, 15, '2026-04-02T05:00:00.000Z', 'presente', '', 18, '2026-04-03T06:20:15.898Z') ON CONFLICT DO NOTHING;
INSERT INTO asistencia (id_asistencia, id_matricula, fecha, estado, observacion, registrado_por, fecha_registro) VALUES (55, 4, '2026-04-02T05:00:00.000Z', 'presente', '', 18, '2026-04-03T06:20:16.633Z') ON CONFLICT DO NOTHING;
INSERT INTO asistencia (id_asistencia, id_matricula, fecha, estado, observacion, registrado_por, fecha_registro) VALUES (56, 25, '2026-04-02T05:00:00.000Z', 'presente', '', 18, '2026-04-03T06:20:17.863Z') ON CONFLICT DO NOTHING;
INSERT INTO asistencia (id_asistencia, id_matricula, fecha, estado, observacion, registrado_por, fecha_registro) VALUES (57, 1, '2026-04-02T05:00:00.000Z', 'presente', '', 18, '2026-04-03T06:20:19.089Z') ON CONFLICT DO NOTHING;
INSERT INTO asistencia (id_asistencia, id_matricula, fecha, estado, observacion, registrado_por, fecha_registro) VALUES (58, 8, '2026-04-02T05:00:00.000Z', 'presente', '', 18, '2026-04-03T06:20:20.528Z') ON CONFLICT DO NOTHING;
INSERT INTO asistencia (id_asistencia, id_matricula, fecha, estado, observacion, registrado_por, fecha_registro) VALUES (59, 3, '2026-04-02T05:00:00.000Z', 'presente', '', 18, '2026-04-03T06:20:21.427Z') ON CONFLICT DO NOTHING;
INSERT INTO asistencia (id_asistencia, id_matricula, fecha, estado, observacion, registrado_por, fecha_registro) VALUES (61, 31, '2026-04-28T05:00:00.000Z', 'presente', '', 18, '2026-04-28T18:53:56.139Z') ON CONFLICT DO NOTHING;

-- Table: reportes
INSERT INTO reportes (id_reporte, id_docente, titulo, descripcion, tipo, fecha, estado, created_at, updated_at) VALUES (1, 18, 'Aula 2', 'hay una gotera y se estan mojando los niños cuando llueve', 'sugerencia', '2026-03-03T05:00:00.000Z', 'atendido', '2026-03-03T07:30:19.142Z', '2026-03-03T07:30:19.142Z') ON CONFLICT DO NOTHING;
INSERT INTO reportes (id_reporte, id_docente, titulo, descripcion, tipo, fecha, estado, created_at, updated_at) VALUES (2, 18, 'salida de emergencia', 'tengo diarrea me voy pa mi casa ', 'general', '2026-03-03T05:00:00.000Z', 'rechazado', '2026-03-03T07:52:00.466Z', '2026-03-03T07:52:00.466Z') ON CONFLICT DO NOTHING;
INSERT INTO reportes (id_reporte, id_docente, titulo, descripcion, tipo, fecha, estado, created_at, updated_at) VALUES (3, 18, 'salida temprano', 'me voy', 'emergencia', '2026-03-03T05:00:00.000Z', 'pendiente', '2026-03-03T19:27:29.016Z', '2026-03-03T19:27:29.016Z') ON CONFLICT DO NOTHING;
INSERT INTO reportes (id_reporte, id_docente, titulo, descripcion, tipo, fecha, estado, created_at, updated_at) VALUES (4, 18, 'mal comportamiento en clase ', 'los estudiantes se portaron muy mal hoy muy mal ', 'emergencia', '2026-03-24T05:00:00.000Z', 'pendiente', '2026-03-24T18:40:02.149Z', '2026-03-24T18:40:02.149Z') ON CONFLICT DO NOTHING;
INSERT INTO reportes (id_reporte, id_docente, titulo, descripcion, tipo, fecha, estado, created_at, updated_at) VALUES (5, 18, 'mala gestion', 'jajajja', 'queja', '2026-04-28T05:00:00.000Z', 'pendiente', '2026-04-28T07:28:01.828Z', '2026-04-28T07:28:01.828Z') ON CONFLICT DO NOTHING;

